<?xml version="1.0" encoding="UTF-8"?>
<project-private xmlns="http://www.netbeans.org/ns/project-private/1">
    <editor-bookmarks xmlns="http://www.netbeans.org/ns/editor-bookmarks/2" lastBookmarkId="0"/>
    <open-files xmlns="http://www.netbeans.org/ns/projectui-open-files/2">
        <group>
            <file>file:/C:/Users/maula/OneDrive/Documents/NetBeansProjects/tubespbo_autogatesystem/src/gui/Register.java</file>
            <file>file:/C:/Users/maula/OneDrive/Documents/NetBeansProjects/tubespbo_autogatesystem/src/tubespbo_autogatesystem/Alatverified.java</file>
            <file>file:/C:/Users/maula/OneDrive/Documents/NetBeansProjects/tubespbo_autogatesystem/src/tubespbo_autogatesystem/database.java</file>
            <file>file:/C:/Users/maula/OneDrive/Documents/NetBeansProjects/tubespbo_autogatesystem/src/gui/Login.java</file>
            <file>file:/C:/Users/maula/OneDrive/Documents/NetBeansProjects/tubespbo_autogatesystem/src/tubespbo_autogatesystem/User.java</file>
            <file>file:/C:/Users/maula/OneDrive/Documents/NetBeansProjects/tubespbo_autogatesystem/src/gui/DataScientist_Dashboard_Home.java</file>
        </group>
    </open-files>
</project-private>
